ticket,wallet
467340,0x466f92bb211d12794b5b0c78438864079e2cbfd5
888452,0x468e68f95216fb8759406fc8a9bbee10498e9281
1106680,0x468e68f95216fb8759406fc8a9bbee10498e9281
217556,0x183aec83633dacd2501516a49f436283ee5ad100
350475,0x36d00dd95955298e930feacb105dab57990b8b86
79711,0x0b029f7b3dde3d77a079a8be8cf5beda66edd4df
1995449,0xd8de315eb7a00f4155d1ea9eb4eb6888ae715631
921226,0x468e68f95216fb8759406fc8a9bbee10498e9281
818128,0x468e68f95216fb8759406fc8a9bbee10498e9281
2146105,0xe9cbe0f9cbee09873b4dcf968a82e3ae6b9e7065
772744,0x468e68f95216fb8759406fc8a9bbee10498e9281
378334,0x3c2638dd1f80de379287dc171c27f2b5e56fc533
2162381,0xe9cbe0f9cbee09873b4dcf968a82e3ae6b9e7065
903933,0x468e68f95216fb8759406fc8a9bbee10498e9281
654792,0x468e68f95216fb8759406fc8a9bbee10498e9281
2253646,0xf03e063f62fd228cd25c026cfff7f032d7b75aab
1995946,0xd8de315eb7a00f4155d1ea9eb4eb6888ae715631
801519,0x468e68f95216fb8759406fc8a9bbee10498e9281
2139836,0xe9cbe0f9cbee09873b4dcf968a82e3ae6b9e7065
1777899,0xb2c9aa0dab5797ec17eb99c7006b8db224e916ba
519324,0x468e68f95216fb8759406fc8a9bbee10498e9281
31785,0x05467836a6cb9fa2a52706db130f2cd3350d84dd
1261372,0x6dbe1cebf019ac24a1966762097f873d0df25738
1919843,0xd23a9b7eaf27b521880337b19edcf13cb6b26dff
382742,0x3c2638dd1f80de379287dc171c27f2b5e56fc533
623231,0x468e68f95216fb8759406fc8a9bbee10498e9281
1595937,0x9992fc085d5b5fe8c62438d81ffa7903ed8343ad
235387,0x189dd12ea4ea3d3e562882add73c6f0a23439999
1719373,0x9992fc085d5b5fe8c62438d81ffa7903ed8343ad
703359,0x468e68f95216fb8759406fc8a9bbee10498e9281
737039,0x468e68f95216fb8759406fc8a9bbee10498e9281
1232540,0x6ac3d74b3e255ff48ae9d8e1b6c8bc9afdfa4cbd
472322,0x468e68f95216fb8759406fc8a9bbee10498e9281
99699,0x0fb437eb9617e62d56ef95181f0c9ba8ea782abd
958136,0x468e68f95216fb8759406fc8a9bbee10498e9281
816396,0x468e68f95216fb8759406fc8a9bbee10498e9281
2145836,0xe9cbe0f9cbee09873b4dcf968a82e3ae6b9e7065
250939,0x1ac8a6d59db3938ddbee19f4ec3ea8a0a771bf6e
463717,0x466f92bb211d12794b5b0c78438864079e2cbfd5
656567,0x468e68f95216fb8759406fc8a9bbee10498e9281
1799389,0xbfdc403a22a073b36489aa0255784442ee8ba450
1973823,0xd5ba5cbd603df4d7006aadeb5c3828fe0f21e8fb
1838554,0xc4708a97009d5eabd3b06570c0de11061214c80f
860195,0x468e68f95216fb8759406fc8a9bbee10498e9281
1086808,0x468e68f95216fb8759406fc8a9bbee10498e9281
1978781,0xd6ebf9d4972c453b8ff653dcd1b138392ecd1a9c
2197261,0xede25f41e2c28708be61b583cc9cb6771e113fbe
1372098,0x8b312e24718acf73e7036cfedd20c54d61675f11
2150807,0xe9cbe0f9cbee09873b4dcf968a82e3ae6b9e7065
217507,0x183aec83633dacd2501516a49f436283ee5ad100
767012,0x468e68f95216fb8759406fc8a9bbee10498e9281
994126,0x468e68f95216fb8759406fc8a9bbee10498e9281
1769513,0xab5f6b2b24b5e7b8ee5218d534f0ff8cffd88d5c
1662434,0x9992fc085d5b5fe8c62438d81ffa7903ed8343ad
383924,0x3c2638dd1f80de379287dc171c27f2b5e56fc533
109673,0x0fb437eb9617e62d56ef95181f0c9ba8ea782abd
345507,0x2e3bc8f3f3777481ac646d7e25ad06abf0abf873
1756661,0xa97e5e5016a491a2814cfd179cb3bf0a0665b953
1656573,0x9992fc085d5b5fe8c62438d81ffa7903ed8343ad
1549236,0x9992fc085d5b5fe8c62438d81ffa7903ed8343ad
815575,0x468e68f95216fb8759406fc8a9bbee10498e9281
767888,0x468e68f95216fb8759406fc8a9bbee10498e9281
1355598,0x8b312e24718acf73e7036cfedd20c54d61675f11
175889,0x15870af7a292ad698827182fdd11b083298a9990
1575006,0x9992fc085d5b5fe8c62438d81ffa7903ed8343ad
182310,0x15870af7a292ad698827182fdd11b083298a9990
929985,0x468e68f95216fb8759406fc8a9bbee10498e9281
1430845,0x948104e6c65cbdcf599ffc6cd49181bafd8a446e
628041,0x468e68f95216fb8759406fc8a9bbee10498e9281
651248,0x468e68f95216fb8759406fc8a9bbee10498e9281
1876251,0xc4708a97009d5eabd3b06570c0de11061214c80f
2233003,0xede25f41e2c28708be61b583cc9cb6771e113fbe
1147749,0x5da53876a2b37b49ee42c34522c9fced42047658
1310201,0x7a75f008c92d94761ff156ef54d99133f3054be4
2113437,0xe7e2d3a9b6bf82efa164441f31dd017b24a21ec0
1188561,0x629cbcaaae418da37f4ed34f13637f809f75278b
2203953,0xede25f41e2c28708be61b583cc9cb6771e113fbe
1179380,0x5f90ebc41c07089502a32d683480ea3fe2410d34
1176794,0x5f90ebc41c07089502a32d683480ea3fe2410d34
1669793,0x9992fc085d5b5fe8c62438d81ffa7903ed8343ad
430734,0x466f92bb211d12794b5b0c78438864079e2cbfd5
32061,0x05467836a6cb9fa2a52706db130f2cd3350d84dd
1172547,0x5f90ebc41c07089502a32d683480ea3fe2410d34
1321226,0x7a75f008c92d94761ff156ef54d99133f3054be4
632763,0x468e68f95216fb8759406fc8a9bbee10498e9281
436433,0x466f92bb211d12794b5b0c78438864079e2cbfd5
1932297,0xd4f5685c1a4167420e78f9a406b5e21b5f6a9481
6652,0x05467836a6cb9fa2a52706db130f2cd3350d84dd
1433423,0x948104e6c65cbdcf599ffc6cd49181bafd8a446e
911507,0x468e68f95216fb8759406fc8a9bbee10498e9281
1342524,0x897c3f4be2a39b63267cfa23a1158fb5331cdd12
1076973,0x468e68f95216fb8759406fc8a9bbee10498e9281
1972368,0xd4f5685c1a4167420e78f9a406b5e21b5f6a9481
2055877,0xd8e3b302b03d739bb94291aca58f006a072425a7
1046680,0x468e68f95216fb8759406fc8a9bbee10498e9281
1945748,0xd4f5685c1a4167420e78f9a406b5e21b5f6a9481
1044528,0x468e68f95216fb8759406fc8a9bbee10498e9281
1729342,0x9992fc085d5b5fe8c62438d81ffa7903ed8343ad
1708776,0x9992fc085d5b5fe8c62438d81ffa7903ed8343ad
98591,0x0f7f692bceb3255e344647aa0088abf08fd5f311
678060,0x468e68f95216fb8759406fc8a9bbee10498e9281
67168,0x0725a084d97328dbba684d0f995162f6ee30006d
1351930,0x8b312e24718acf73e7036cfedd20c54d61675f11
1254497,0x6dbe1cebf019ac24a1966762097f873d0df25738
2265331,0xf8fb1b69aabd14fc11b96f4dc60bf51a35ba0897
957219,0x468e68f95216fb8759406fc8a9bbee10498e9281
219058,0x183aec83633dacd2501516a49f436283ee5ad100
1494,0x05467836a6cb9fa2a52706db130f2cd3350d84dd
2091249,0xe01e6c27218765b9e0ef42546a2c0237bb4c54e2
647684,0x468e68f95216fb8759406fc8a9bbee10498e9281
402980,0x3d8f745e9c76b50ba9e43bf5a7ed80b5980272f8
1835290,0xc4708a97009d5eabd3b06570c0de11061214c80f
2078894,0xdb524edbd32517881cdda248fedbf9aee526b38b
583575,0x468e68f95216fb8759406fc8a9bbee10498e9281
131450,0x109eaa8e64f3d20f9294b8a563148cf1e3e1b7b5
1867085,0xc4708a97009d5eabd3b06570c0de11061214c80f
1785719,0xb2c9aa0dab5797ec17eb99c7006b8db224e916ba
1972630,0xd4f5685c1a4167420e78f9a406b5e21b5f6a9481
793954,0x468e68f95216fb8759406fc8a9bbee10498e9281
1107317,0x468e68f95216fb8759406fc8a9bbee10498e9281
742206,0x468e68f95216fb8759406fc8a9bbee10498e9281
1493672,0x9992fc085d5b5fe8c62438d81ffa7903ed8343ad
185481,0x15870af7a292ad698827182fdd11b083298a9990
1372498,0x8b312e24718acf73e7036cfedd20c54d61675f11
648222,0x468e68f95216fb8759406fc8a9bbee10498e9281
957,0x05467836a6cb9fa2a52706db130f2cd3350d84dd
1077914,0x468e68f95216fb8759406fc8a9bbee10498e9281
1668963,0x9992fc085d5b5fe8c62438d81ffa7903ed8343ad
1285404,0x77634ebd77c039fcb17f6320006d6a2729c4fb78
1084220,0x468e68f95216fb8759406fc8a9bbee10498e9281
164819,0x13aff8dbeb98a8a90145668883b044c5edcd4d22
1437384,0x948104e6c65cbdcf599ffc6cd49181bafd8a446e
958266,0x468e68f95216fb8759406fc8a9bbee10498e9281
29085,0x05467836a6cb9fa2a52706db130f2cd3350d84dd
1928663,0xd3cd1bce062483536b97c47221c165a9fe3b4716
2183653,0xede25f41e2c28708be61b583cc9cb6771e113fbe
392979,0x3d8f745e9c76b50ba9e43bf5a7ed80b5980272f8
2138865,0xe9cbe0f9cbee09873b4dcf968a82e3ae6b9e7065
1652365,0x9992fc085d5b5fe8c62438d81ffa7903ed8343ad
788371,0x468e68f95216fb8759406fc8a9bbee10498e9281
2068398,0xda13157f47929bced94ce06ef8cbef70328981fc
1311012,0x7a75f008c92d94761ff156ef54d99133f3054be4
1123551,0x47bbe214a4bc6bb2b2896eb280422af0c4198313
922241,0x468e68f95216fb8759406fc8a9bbee10498e9281
40590,0x05467836a6cb9fa2a52706db130f2cd3350d84dd
2016380,0xd8de315eb7a00f4155d1ea9eb4eb6888ae715631
1036892,0x468e68f95216fb8759406fc8a9bbee10498e9281
1042316,0x468e68f95216fb8759406fc8a9bbee10498e9281
2192456,0xede25f41e2c28708be61b583cc9cb6771e113fbe
1333277,0x7a892e2877fec2fc996560d496fee79707a685af
1048994,0x468e68f95216fb8759406fc8a9bbee10498e9281
573857,0x468e68f95216fb8759406fc8a9bbee10498e9281
2269442,0xf8fb1b69aabd14fc11b96f4dc60bf51a35ba0897
1425946,0x8f2ed6e59a27a96277b233eea9a0f0f460ccae31
90829,0x0d413542e648034f704394646f5ffb12022fc8d5
52821,0x0725a084d97328dbba684d0f995162f6ee30006d
1092621,0x468e68f95216fb8759406fc8a9bbee10498e9281
2220360,0xede25f41e2c28708be61b583cc9cb6771e113fbe
852133,0x468e68f95216fb8759406fc8a9bbee10498e9281
1452616,0x948104e6c65cbdcf599ffc6cd49181bafd8a446e
1612888,0x9992fc085d5b5fe8c62438d81ffa7903ed8343ad
168095,0x13aff8dbeb98a8a90145668883b044c5edcd4d22
1115421,0x468e68f95216fb8759406fc8a9bbee10498e9281
2254050,0xf03e063f62fd228cd25c026cfff7f032d7b75aab
1764724,0xab5f6b2b24b5e7b8ee5218d534f0ff8cffd88d5c
1178809,0x5f90ebc41c07089502a32d683480ea3fe2410d34
2276039,0xfad4a2d4c72733e82124139e41161152771a4d9d
482023,0x468e68f95216fb8759406fc8a9bbee10498e9281
1394510,0x8f2ed6e59a27a96277b233eea9a0f0f460ccae31
1327867,0x7a75f008c92d94761ff156ef54d99133f3054be4
1822999,0xc4708a97009d5eabd3b06570c0de11061214c80f
967334,0x468e68f95216fb8759406fc8a9bbee10498e9281
2188704,0xede25f41e2c28708be61b583cc9cb6771e113fbe
1939001,0xd4f5685c1a4167420e78f9a406b5e21b5f6a9481
1181627,0x5f90ebc41c07089502a32d683480ea3fe2410d34
152128,0x109eaa8e64f3d20f9294b8a563148cf1e3e1b7b5
1792856,0xbfdc403a22a073b36489aa0255784442ee8ba450
268582,0x1c496ed78215eac4978f02cca335ff3a358e1f35
1187068,0x5f90ebc41c07089502a32d683480ea3fe2410d34
431775,0x466f92bb211d12794b5b0c78438864079e2cbfd5
218400,0x183aec83633dacd2501516a49f436283ee5ad100
553533,0x468e68f95216fb8759406fc8a9bbee10498e9281
1856234,0xc4708a97009d5eabd3b06570c0de11061214c80f
1795978,0xbfdc403a22a073b36489aa0255784442ee8ba450
2214026,0xede25f41e2c28708be61b583cc9cb6771e113fbe
724825,0x468e68f95216fb8759406fc8a9bbee10498e9281
23570,0x05467836a6cb9fa2a52706db130f2cd3350d84dd
249124,0x1ac8a6d59db3938ddbee19f4ec3ea8a0a771bf6e
1589161,0x9992fc085d5b5fe8c62438d81ffa7903ed8343ad
385681,0x3d8f745e9c76b50ba9e43bf5a7ed80b5980272f8
1890737,0xc4cf3cd0f841c6f5affa1b642166d157abd3d5d6
488702,0x468e68f95216fb8759406fc8a9bbee10498e9281
1740540,0x9992fc085d5b5fe8c62438d81ffa7903ed8343ad
429202,0x466f92bb211d12794b5b0c78438864079e2cbfd5
670407,0x468e68f95216fb8759406fc8a9bbee10498e9281
1207188,0x67fa73cb67a4d961c0d14faf45483899192d8ac3
1399065,0x8f2ed6e59a27a96277b233eea9a0f0f460ccae31
1728550,0x9992fc085d5b5fe8c62438d81ffa7903ed8343ad
1297244,0x7a75f008c92d94761ff156ef54d99133f3054be4
1286250,0x77634ebd77c039fcb17f6320006d6a2729c4fb78
701488,0x468e68f95216fb8759406fc8a9bbee10498e9281
2008918,0xd8de315eb7a00f4155d1ea9eb4eb6888ae715631
818267,0x468e68f95216fb8759406fc8a9bbee10498e9281
38299,0x05467836a6cb9fa2a52706db130f2cd3350d84dd
1859915,0xc4708a97009d5eabd3b06570c0de11061214c80f
636779,0x468e68f95216fb8759406fc8a9bbee10498e9281
810423,0x468e68f95216fb8759406fc8a9bbee10498e9281
1373222,0x8b312e24718acf73e7036cfedd20c54d61675f11
371474,0x3c2638dd1f80de379287dc171c27f2b5e56fc533
477186,0x468e68f95216fb8759406fc8a9bbee10498e9281
1631386,0x9992fc085d5b5fe8c62438d81ffa7903ed8343ad
2110418,0xe7e2d3a9b6bf82efa164441f31dd017b24a21ec0
608486,0x468e68f95216fb8759406fc8a9bbee10498e9281
148773,0x109eaa8e64f3d20f9294b8a563148cf1e3e1b7b5
1857861,0xc4708a97009d5eabd3b06570c0de11061214c80f
2066030,0xda13157f47929bced94ce06ef8cbef70328981fc
2207710,0xede25f41e2c28708be61b583cc9cb6771e113fbe
1907552,0xc6b3e413b3f7d2cb67191f806f8dfdb4a9d60ac7
167428,0x13aff8dbeb98a8a90145668883b044c5edcd4d22
901889,0x468e68f95216fb8759406fc8a9bbee10498e9281
711193,0x468e68f95216fb8759406fc8a9bbee10498e9281
1461577,0x96cc80292fa3a7045611eb84ae09df8bd15936d2
202913,0x167d8b13698ffd8d6273532cdcbd0747e9f4cbb2
359009,0x3c2638dd1f80de379287dc171c27f2b5e56fc533
136363,0x109eaa8e64f3d20f9294b8a563148cf1e3e1b7b5
1092310,0x468e68f95216fb8759406fc8a9bbee10498e9281
2186163,0xede25f41e2c28708be61b583cc9cb6771e113fbe
1686585,0x9992fc085d5b5fe8c62438d81ffa7903ed8343ad
1592088,0x9992fc085d5b5fe8c62438d81ffa7903ed8343ad
241770,0x1ac8a6d59db3938ddbee19f4ec3ea8a0a771bf6e
710914,0x468e68f95216fb8759406fc8a9bbee10498e9281
772587,0x468e68f95216fb8759406fc8a9bbee10498e9281
488600,0x468e68f95216fb8759406fc8a9bbee10498e9281
1117128,0x468e68f95216fb8759406fc8a9bbee10498e9281
537518,0x468e68f95216fb8759406fc8a9bbee10498e9281
686150,0x468e68f95216fb8759406fc8a9bbee10498e9281
48795,0x0725a084d97328dbba684d0f995162f6ee30006d
920827,0x468e68f95216fb8759406fc8a9bbee10498e9281
1074322,0x468e68f95216fb8759406fc8a9bbee10498e9281
1806294,0xc4708a97009d5eabd3b06570c0de11061214c80f
1584576,0x9992fc085d5b5fe8c62438d81ffa7903ed8343ad
217902,0x183aec83633dacd2501516a49f436283ee5ad100
1634669,0x9992fc085d5b5fe8c62438d81ffa7903ed8343ad
1070865,0x468e68f95216fb8759406fc8a9bbee10498e9281
880507,0x468e68f95216fb8759406fc8a9bbee10498e9281
2209081,0xede25f41e2c28708be61b583cc9cb6771e113fbe
1629828,0x9992fc085d5b5fe8c62438d81ffa7903ed8343ad
2270501,0xf8fb1b69aabd14fc11b96f4dc60bf51a35ba0897
1073748,0x468e68f95216fb8759406fc8a9bbee10498e9281
281470,0x1c496ed78215eac4978f02cca335ff3a358e1f35
2035240,0xd8de315eb7a00f4155d1ea9eb4eb6888ae715631
1826735,0xc4708a97009d5eabd3b06570c0de11061214c80f
491354,0x468e68f95216fb8759406fc8a9bbee10498e9281
212232,0x167d8b13698ffd8d6273532cdcbd0747e9f4cbb2
324594,0x2516b0ace669024178c47fe07dc288def36512cd
517403,0x468e68f95216fb8759406fc8a9bbee10498e9281
610789,0x468e68f95216fb8759406fc8a9bbee10498e9281
1224750,0x6ac3d74b3e255ff48ae9d8e1b6c8bc9afdfa4cbd
713646,0x468e68f95216fb8759406fc8a9bbee10498e9281
1675726,0x9992fc085d5b5fe8c62438d81ffa7903ed8343ad
1502194,0x9992fc085d5b5fe8c62438d81ffa7903ed8343ad
1742042,0x9992fc085d5b5fe8c62438d81ffa7903ed8343ad
1843777,0xc4708a97009d5eabd3b06570c0de11061214c80f
2031899,0xd8de315eb7a00f4155d1ea9eb4eb6888ae715631
83302,0x0d413542e648034f704394646f5ffb12022fc8d5
303410,0x1f0047ad5e5ba9963f9430b2306b6856aa5b9b15
878799,0x468e68f95216fb8759406fc8a9bbee10498e9281
1121252,0x4767d3dc92eede24b0745644290f58a8ccf41035
2217569,0xede25f41e2c28708be61b583cc9cb6771e113fbe
833048,0x468e68f95216fb8759406fc8a9bbee10498e9281
1543594,0x9992fc085d5b5fe8c62438d81ffa7903ed8343ad
786676,0x468e68f95216fb8759406fc8a9bbee10498e9281
1985433,0xd8de315eb7a00f4155d1ea9eb4eb6888ae715631
147324,0x109eaa8e64f3d20f9294b8a563148cf1e3e1b7b5
1810139,0xc4708a97009d5eabd3b06570c0de11061214c80f
326978,0x2dd4c1a081f3ce58217bf12edd297361b17b9c97
1283258,0x7130f38655c04edb772a663b026caa5eaab42598
892701,0x468e68f95216fb8759406fc8a9bbee10498e9281
241543,0x1ac8a6d59db3938ddbee19f4ec3ea8a0a771bf6e
405553,0x3d8f745e9c76b50ba9e43bf5a7ed80b5980272f8
524066,0x468e68f95216fb8759406fc8a9bbee10498e9281
1443531,0x948104e6c65cbdcf599ffc6cd49181bafd8a446e
403494,0x3d8f745e9c76b50ba9e43bf5a7ed80b5980272f8
127760,0x109eaa8e64f3d20f9294b8a563148cf1e3e1b7b5
1545574,0x9992fc085d5b5fe8c62438d81ffa7903ed8343ad
47157,0x0725a084d97328dbba684d0f995162f6ee30006d
1487499,0x98d142a1039ff6384bbc07c6231708e14b24a96d
2096086,0xe442145711bf3c56452f0dcc730f3ad65ce230cc
617598,0x468e68f95216fb8759406fc8a9bbee10498e9281
495933,0x468e68f95216fb8759406fc8a9bbee10498e9281
1697285,0x9992fc085d5b5fe8c62438d81ffa7903ed8343ad
1888911,0xc4cf3cd0f841c6f5affa1b642166d157abd3d5d6
435514,0x466f92bb211d12794b5b0c78438864079e2cbfd5
166593,0x13aff8dbeb98a8a90145668883b044c5edcd4d22
1730526,0x9992fc085d5b5fe8c62438d81ffa7903ed8343ad
2133707,0xe9cbe0f9cbee09873b4dcf968a82e3ae6b9e7065
60741,0x0725a084d97328dbba684d0f995162f6ee30006d
1566474,0x9992fc085d5b5fe8c62438d81ffa7903ed8343ad
1486865,0x98d142a1039ff6384bbc07c6231708e14b24a96d
752701,0x468e68f95216fb8759406fc8a9bbee10498e9281
1932475,0xd4f5685c1a4167420e78f9a406b5e21b5f6a9481
222132,0x183aec83633dacd2501516a49f436283ee5ad100
805981,0x468e68f95216fb8759406fc8a9bbee10498e9281
1708910,0x9992fc085d5b5fe8c62438d81ffa7903ed8343ad
207206,0x167d8b13698ffd8d6273532cdcbd0747e9f4cbb2
2176705,0xede25f41e2c28708be61b583cc9cb6771e113fbe
514275,0x468e68f95216fb8759406fc8a9bbee10498e9281
1832095,0xc4708a97009d5eabd3b06570c0de11061214c80f
1757304,0xa9da3474eafab14ac6c9f6111acb2d2e5e071370
457557,0x466f92bb211d12794b5b0c78438864079e2cbfd5
1912775,0xc92eb3f64444377b3d2d103b78d22e28e6b8d88a
1095119,0x468e68f95216fb8759406fc8a9bbee10498e9281
1054442,0x468e68f95216fb8759406fc8a9bbee10498e9281
2056838,0xd8e3b302b03d739bb94291aca58f006a072425a7
1940652,0xd4f5685c1a4167420e78f9a406b5e21b5f6a9481
193721,0x15870af7a292ad698827182fdd11b083298a9990
777700,0x468e68f95216fb8759406fc8a9bbee10498e9281
714499,0x468e68f95216fb8759406fc8a9bbee10498e9281
657167,0x468e68f95216fb8759406fc8a9bbee10498e9281
1639844,0x9992fc085d5b5fe8c62438d81ffa7903ed8343ad
53602,0x0725a084d97328dbba684d0f995162f6ee30006d
1300731,0x7a75f008c92d94761ff156ef54d99133f3054be4
714950,0x468e68f95216fb8759406fc8a9bbee10498e9281
1771839,0xb2c9aa0dab5797ec17eb99c7006b8db224e916ba
910483,0x468e68f95216fb8759406fc8a9bbee10498e9281
2071936,0xda13157f47929bced94ce06ef8cbef70328981fc
2133285,0xe9cbe0f9cbee09873b4dcf968a82e3ae6b9e7065
657693,0x468e68f95216fb8759406fc8a9bbee10498e9281
1829449,0xc4708a97009d5eabd3b06570c0de11061214c80f
107388,0x0fb437eb9617e62d56ef95181f0c9ba8ea782abd
1976118,0xd6ebf9d4972c453b8ff653dcd1b138392ecd1a9c
1509654,0x9992fc085d5b5fe8c62438d81ffa7903ed8343ad
744274,0x468e68f95216fb8759406fc8a9bbee10498e9281
1653417,0x9992fc085d5b5fe8c62438d81ffa7903ed8343ad
893371,0x468e68f95216fb8759406fc8a9bbee10498e9281
153644,0x1242d7e7c5d3c453fb601a2cc9db06aac832b1ab
1434697,0x948104e6c65cbdcf599ffc6cd49181bafd8a446e
1775245,0xb2c9aa0dab5797ec17eb99c7006b8db224e916ba
300766,0x1f0047ad5e5ba9963f9430b2306b6856aa5b9b15
644306,0x468e68f95216fb8759406fc8a9bbee10498e9281
1654477,0x9992fc085d5b5fe8c62438d81ffa7903ed8343ad
1155585,0x5eb1b8fcd1710b77f17df2a46dff9bf983a7b43c
946851,0x468e68f95216fb8759406fc8a9bbee10498e9281
740888,0x468e68f95216fb8759406fc8a9bbee10498e9281
2148569,0xe9cbe0f9cbee09873b4dcf968a82e3ae6b9e7065
1326096,0x7a75f008c92d94761ff156ef54d99133f3054be4
557143,0x468e68f95216fb8759406fc8a9bbee10498e9281
962259,0x468e68f95216fb8759406fc8a9bbee10498e9281
1218429,0x67fa73cb67a4d961c0d14faf45483899192d8ac3
1631950,0x9992fc085d5b5fe8c62438d81ffa7903ed8343ad
1658115,0x9992fc085d5b5fe8c62438d81ffa7903ed8343ad
123480,0x0fb437eb9617e62d56ef95181f0c9ba8ea782abd
253821,0x1ac8a6d59db3938ddbee19f4ec3ea8a0a771bf6e
150741,0x109eaa8e64f3d20f9294b8a563148cf1e3e1b7b5
726134,0x468e68f95216fb8759406fc8a9bbee10498e9281
1972405,0xd4f5685c1a4167420e78f9a406b5e21b5f6a9481
417655,0x466f92bb211d12794b5b0c78438864079e2cbfd5
1097468,0x468e68f95216fb8759406fc8a9bbee10498e9281
1872029,0xc4708a97009d5eabd3b06570c0de11061214c80f
1133638,0x5496c8a338419aff9a68a86d9a3585c62b9c9e1c
2152471,0xe9cbe0f9cbee09873b4dcf968a82e3ae6b9e7065
301339,0x1f0047ad5e5ba9963f9430b2306b6856aa5b9b15
572213,0x468e68f95216fb8759406fc8a9bbee10498e9281
290446,0x1daf42373baf8c483aa8565a8584bc39ff4b58e2
961051,0x468e68f95216fb8759406fc8a9bbee10498e9281
591958,0x468e68f95216fb8759406fc8a9bbee10498e9281
1740139,0x9992fc085d5b5fe8c62438d81ffa7903ed8343ad
1693909,0x9992fc085d5b5fe8c62438d81ffa7903ed8343ad
924347,0x468e68f95216fb8759406fc8a9bbee10498e9281
286204,0x1c496ed78215eac4978f02cca335ff3a358e1f35
1074264,0x468e68f95216fb8759406fc8a9bbee10498e9281
662915,0x468e68f95216fb8759406fc8a9bbee10498e9281
786987,0x468e68f95216fb8759406fc8a9bbee10498e9281
749880,0x468e68f95216fb8759406fc8a9bbee10498e9281
363981,0x3c2638dd1f80de379287dc171c27f2b5e56fc533
1969753,0xd4f5685c1a4167420e78f9a406b5e21b5f6a9481
1388718,0x8bb820c251ac194ca770f9f0cdc12b76354e3de6
2168498,0xede25f41e2c28708be61b583cc9cb6771e113fbe
1275053,0x6dbe1cebf019ac24a1966762097f873d0df25738
432971,0x466f92bb211d12794b5b0c78438864079e2cbfd5
1101203,0x468e68f95216fb8759406fc8a9bbee10498e9281
1324229,0x7a75f008c92d94761ff156ef54d99133f3054be4
2251819,0xf03e063f62fd228cd25c026cfff7f032d7b75aab
1785520,0xb2c9aa0dab5797ec17eb99c7006b8db224e916ba
244984,0x1ac8a6d59db3938ddbee19f4ec3ea8a0a771bf6e
1046283,0x468e68f95216fb8759406fc8a9bbee10498e9281
1954246,0xd4f5685c1a4167420e78f9a406b5e21b5f6a9481
2032821,0xd8de315eb7a00f4155d1ea9eb4eb6888ae715631
930187,0x468e68f95216fb8759406fc8a9bbee10498e9281
644294,0x468e68f95216fb8759406fc8a9bbee10498e9281
1850010,0xc4708a97009d5eabd3b06570c0de11061214c80f
908601,0x468e68f95216fb8759406fc8a9bbee10498e9281
380333,0x3c2638dd1f80de379287dc171c27f2b5e56fc533
1075310,0x468e68f95216fb8759406fc8a9bbee10498e9281
456705,0x466f92bb211d12794b5b0c78438864079e2cbfd5
1026554,0x468e68f95216fb8759406fc8a9bbee10498e9281
733259,0x468e68f95216fb8759406fc8a9bbee10498e9281
1338913,0x7e4539fee52bf80790e503b4f8e1fa2802713480
964622,0x468e68f95216fb8759406fc8a9bbee10498e9281
122855,0x0fb437eb9617e62d56ef95181f0c9ba8ea782abd
