"","wallet","min_index"
"1","0x466f92bb211d12794b5b0c78438864079e2cbfd5",1
"2","0x468e68f95216fb8759406fc8a9bbee10498e9281",2
"3","0x183aec83633dacd2501516a49f436283ee5ad100",4
"4","0x36d00dd95955298e930feacb105dab57990b8b86",5
"5","0x0b029f7b3dde3d77a079a8be8cf5beda66edd4df",6
"6","0xd8de315eb7a00f4155d1ea9eb4eb6888ae715631",7
"7","0xe9cbe0f9cbee09873b4dcf968a82e3ae6b9e7065",10
"8","0x3c2638dd1f80de379287dc171c27f2b5e56fc533",12
"9","0xf03e063f62fd228cd25c026cfff7f032d7b75aab",16
"10","0xb2c9aa0dab5797ec17eb99c7006b8db224e916ba",20
"11","0x05467836a6cb9fa2a52706db130f2cd3350d84dd",22
"12","0x6dbe1cebf019ac24a1966762097f873d0df25738",23
"13","0xd23a9b7eaf27b521880337b19edcf13cb6b26dff",24
"14","0x9992fc085d5b5fe8c62438d81ffa7903ed8343ad",27
"15","0x189dd12ea4ea3d3e562882add73c6f0a23439999",28
"16","0x6ac3d74b3e255ff48ae9d8e1b6c8bc9afdfa4cbd",32
"17","0x0fb437eb9617e62d56ef95181f0c9ba8ea782abd",34
"18","0x1ac8a6d59db3938ddbee19f4ec3ea8a0a771bf6e",38
"19","0xbfdc403a22a073b36489aa0255784442ee8ba450",41
"20","0xd5ba5cbd603df4d7006aadeb5c3828fe0f21e8fb",42
"21","0xc4708a97009d5eabd3b06570c0de11061214c80f",43
"22","0xd6ebf9d4972c453b8ff653dcd1b138392ecd1a9c",46
"23","0xede25f41e2c28708be61b583cc9cb6771e113fbe",47
"24","0x8b312e24718acf73e7036cfedd20c54d61675f11",48
"25","0xab5f6b2b24b5e7b8ee5218d534f0ff8cffd88d5c",53
"26","0x2e3bc8f3f3777481ac646d7e25ad06abf0abf873",57
"27","0xa97e5e5016a491a2814cfd179cb3bf0a0665b953",58
"28","0x15870af7a292ad698827182fdd11b083298a9990",64
"29","0x948104e6c65cbdcf599ffc6cd49181bafd8a446e",68
"30","0x5da53876a2b37b49ee42c34522c9fced42047658",73
"31","0x7a75f008c92d94761ff156ef54d99133f3054be4",74
"32","0xe7e2d3a9b6bf82efa164441f31dd017b24a21ec0",75
"33","0x629cbcaaae418da37f4ed34f13637f809f75278b",76
"34","0x5f90ebc41c07089502a32d683480ea3fe2410d34",78
"35","0xd4f5685c1a4167420e78f9a406b5e21b5f6a9481",87
"36","0x897c3f4be2a39b63267cfa23a1158fb5331cdd12",91
"37","0xd8e3b302b03d739bb94291aca58f006a072425a7",94
"38","0x0f7f692bceb3255e344647aa0088abf08fd5f311",100
"39","0x0725a084d97328dbba684d0f995162f6ee30006d",102
"40","0xf8fb1b69aabd14fc11b96f4dc60bf51a35ba0897",105
"41","0xe01e6c27218765b9e0ef42546a2c0237bb4c54e2",109
"42","0x3d8f745e9c76b50ba9e43bf5a7ed80b5980272f8",111
"43","0xdb524edbd32517881cdda248fedbf9aee526b38b",113
"44","0x109eaa8e64f3d20f9294b8a563148cf1e3e1b7b5",115
"45","0x77634ebd77c039fcb17f6320006d6a2729c4fb78",129
"46","0x13aff8dbeb98a8a90145668883b044c5edcd4d22",131
"47","0xd3cd1bce062483536b97c47221c165a9fe3b4716",135
"48","0xda13157f47929bced94ce06ef8cbef70328981fc",141
"49","0x47bbe214a4bc6bb2b2896eb280422af0c4198313",143
"50","0x7a892e2877fec2fc996560d496fee79707a685af",150
"51","0x8f2ed6e59a27a96277b233eea9a0f0f460ccae31",154
"52","0x0d413542e648034f704394646f5ffb12022fc8d5",155
"53","0xfad4a2d4c72733e82124139e41161152771a4d9d",167
"54","0x1c496ed78215eac4978f02cca335ff3a358e1f35",178
"55","0xc4cf3cd0f841c6f5affa1b642166d157abd3d5d6",191
"56","0x67fa73cb67a4d961c0d14faf45483899192d8ac3",196
"57","0xc6b3e413b3f7d2cb67191f806f8dfdb4a9d60ac7",218
"58","0x96cc80292fa3a7045611eb84ae09df8bd15936d2",222
"59","0x167d8b13698ffd8d6273532cdcbd0747e9f4cbb2",223
"60","0x2516b0ace669024178c47fe07dc288def36512cd",255
"61","0x1f0047ad5e5ba9963f9430b2306b6856aa5b9b15",266
"62","0x4767d3dc92eede24b0745644290f58a8ccf41035",268
"63","0x2dd4c1a081f3ce58217bf12edd297361b17b9c97",276
"64","0x7130f38655c04edb772a663b026caa5eaab42598",277
"65","0x98d142a1039ff6384bbc07c6231708e14b24a96d",287
"66","0xe442145711bf3c56452f0dcc730f3ad65ce230cc",288
"67","0xa9da3474eafab14ac6c9f6111acb2d2e5e071370",309
"68","0xc92eb3f64444377b3d2d103b78d22e28e6b8d88a",311
"69","0x1242d7e7c5d3c453fb601a2cc9db06aac832b1ab",336
"70","0x5eb1b8fcd1710b77f17df2a46dff9bf983a7b43c",342
"71","0x5496c8a338419aff9a68a86d9a3585c62b9c9e1c",360
"72","0x1daf42373baf8c483aa8565a8584bc39ff4b58e2",364
"73","0x8bb820c251ac194ca770f9f0cdc12b76354e3de6",377
"74","0x7e4539fee52bf80790e503b4f8e1fa2802713480",398
