"","owner","amount_token","bonus"
"1","0x000c7612303e3cb05aff68d3af1056954b26feb4",10000,5012.5
"2","0x0052bbdd26c78d5046a3d5eaa47eb84da78332a3",8153,2242.075
"3","0x00c0c72a1d45bb3704a9358282eec06746447778",3149,229.635
"4","0x00d04064b84599777e82130ce7369b9aedef0c64",0,0
"5","0x00feb32379a84bc54fafefc9e3faa03e626892f8",1100,624.25
"6","0x014032bd5d26d3208a8ff182aa3a139117f0438b",1000,466.25
"7","0x03f01a222c120923161bbc933c57276dd7c4f743",5500,2728.75
"8","0x040509d1168258496171ba8817500c46d6cdafca",0,0
"9","0x060b6e57c4fa6d4828051c6ccfae46149f2e1076",10861,5078.72750000001
"10","0x0680acf7ecce952bb54a7156e35446cbfc3a74c5",10000,4050
"11","0x070195706211c4c2ae5134329974f5748bcb8933",4000,230
"12","0x0725a084d97328dbba684d0f995162f6ee30006d",20628.47,7027.5338875
"13","0x0766053f1db632a0b29c5cbed33f12ee2875823c",2275,408.53125
"14","0x07685e1481b32a92d9cc264d86d024da9d5e94c3",1104,282.899999999999
"15","0x07739dfc55e8643960c7cf987d9258c087cab976",9799,3588.88375000002
"16","0x08cabc82bded9f25608df3c86fb4c754b80afede",3000,1721.25
"17","0x098bede5133f6da3d3d8fadc046d26980cc1ec50",1900.6,607.990375000001
"18","0x09ed6bf81372f212802a39e79c947194eb746b17",1551,313.16875
"19","0x0ad97b07d12524b521e0a4dc37d29d868e2359b8",1466,244.99125
"20","0x0b029f7b3dde3d77a079a8be8cf5beda66edd4df",3268,1110.7775
"21","0x0bf7a71a22b7ba291bf8ea3661f1d590515fc1ca",10425,6437.4375
"22","0x0c1633e0ba164a9def56d86d7c46afcbe4d28a77",1400,285.25
"23","0x0d08ca3bd68288cd1e3bbdd73c4bc0d8193add4c",751,0
"24","0x0d1bb2df143dc19b2abc6511cad79379e9b0e34c",5000,2175
"25","0x0d413542e648034f704394646f5ffb12022fc8d5",10000,4931.5
"26","0x0e9592026d936e0a9cc56fc6105736be5443029d",0,0
"27","0x0ea84866f5b23c6d16f6008316868f1a821384ed",1000,190
"28","0x0ef0f3132635de83f8a8f5034d29bfa2e1f8eb60",2827,24.73625
"29","0x0f0924a3a5111e7987a23a49af826d2ba431342e",10000,4150
"30","0x0f4455e082b96fde25ceafc06d5a08d85b14a43a",1000,532.5
"31","0x0f7f692bceb3255e344647aa0088abf08fd5f311",1001,620.560000000006
"32","0x0fb437eb9617e62d56ef95181f0c9ba8ea782abd",22506,9133.58125000002
"33","0x0fddc71429c2b45c37de2bbe0bf8bf93dfa556ea",4981.928,1877.6456975
"34","0x1010a821d34dd807ad5a3c7c92f17df4a457d55d",11270,4662.9625
"35","0x1018824b0ba0d4c200868696d8029be8ac25ecc3",2000,152.5
"36","0x109eaa8e64f3d20f9294b8a563148cf1e3e1b7b5",38653,9900.77999999999
"37","0x10f594fbeb64c3fd47999ef6a4a61392b6b9500d",1560,410.625
"38","0x12290165ba80fe6ad66656aa7f7565b3f8cb0a7c",2000,375
"39","0x122d8ca9218fa390a2b2a85e916907fbe77aa0e4",676,0
"40","0x1236337b6bc9133601342aaced1efe7710246adc",721,0
"41","0x1242d7e7c5d3c453fb601a2cc9db06aac832b1ab",3000,1477.5
"42","0x1261632966f8eb36d7fbb336d3e324ddb3d99b9e",2000,1227.5
"43","0x13207871399d2a012b40413544ed6536c1614539",19017,1077.03125
"44","0x133dc462a43ed04f46c9d5cffcf291e529f4633c",1160,85.60375
"45","0x13aff8dbeb98a8a90145668883b044c5edcd4d22",30000,250
"46","0x157670de008ec0d44bed498abcf80a6c94c6f4fd",1285,257.55875
"47","0x157b0f920a7d09aa28302d843919d9230bf95c20",9998,6186.26250000005
"48","0x15870af7a292ad698827182fdd11b083298a9990",20000,5931.4375
"49","0x15943e1951e0e3803cb62121315507fb5b054787",7326.9,2154.967375
"50","0x163a2240ea13b443f9d1d6eb14dbc3110946a8e7",675,0
"51","0x16649d4e4769617f274c745048ed528acabdac74",1000,401.25
"52","0x167d8b13698ffd8d6273532cdcbd0747e9f4cbb2",9000,3746.75
"53","0x16a0edb84a8bb06f29f6a481e99c0184e17329f6",5677,2280.19750000001
"54","0x1784ecb30d3f6c4648431a7a12683054c8c17feb",17496.5,5387.95874999999
"55","0x17fb2d9c79fc6c0a3deec9d1f9761df18e36f91d",3592,1341.43375
"56","0x1826a9845242e25755aa44af93804047b010c07d",947,0
"57","0x183aec83633dacd2501516a49f436283ee5ad100",16256,6163.77999999999
"58","0x1864fa4de30573d14b410fbd2140d2b724c261bb",2639,1095.66875
"59","0x189dd12ea4ea3d3e562882add73c6f0a23439999",3578,1488.97
"60","0x18a5991c6c1c300c7b6c23db983f367203b68f4b",2000,1157.5
"61","0x1a931a7f691ed222ad8980b98172863b95e8aaa2",4706,58.825
"62","0x1ab39022dadcf11cfbdf80c812333b5b40e6c1f8",10000,5012.5
"63","0x1ac8a6d59db3938ddbee19f4ec3ea8a0a771bf6e",24600,7997.52800000003
"64","0x1c496ed78215eac4978f02cca335ff3a358e1f35",18231,6400.45000000002
"65","0x1c94df027cec8ffd7650c02ea56be64e53a11540",10000,5012.5
"66","0x1cd36fcd2b84b171dd16f4bf507684442d2507ff",3000,1867.5
"67","0x1cec50e50c80b4aea5fd9bc7bf9fef5b407e2f9c",818,0
"68","0x1cfa1e4a08f0342e7aa6e6d5404ba6a54d029e8e",1374,503.593750000002
"69","0x1cff8d3e2bdc77ef7478f306d892568dfa9fc706",2000,690
"70","0x1d2012afedf3b01afba2e795d0b667ef725e576b",660,0
"71","0x1d83a82ec33a7687966f6ec6a56625bad59e2275",1194,147.7575
"72","0x1daf42373baf8c483aa8565a8584bc39ff4b58e2",6759,2414.125
"73","0x1dbac10d2db0263dbd6cb98cb4bf10f0d4bbec9f",3480,91.35
"74","0x1e0e8044e0015a01783159d47c829ab1674a02d5",5000,643.75
"75","0x1e39f940ff8c67c022fd86fb6c39f6fbfc887f3a",2990,900.737499999996
"76","0x1e49a4f0e5fd915353d720515fa86adee5f235ee",7400,92.5
"77","0x1eac8d565c1fed06fe069a5dba0fe3d9b3f63f31",1089.750602,189.3441670975
"78","0x1ee93bf13d1d1d876330b011b28c507e392bc5e1",0,0
"79","0x1f0047ad5e5ba9963f9430b2306b6856aa5b9b15",3200,1840
"80","0x1f0a3e4892f9c1a80ad4ea6b3c70c874bbc9733d",1169,669.252499999997
"81","0x1fbb18b4c0295c1bb110ef60a9f73fb50e1a060c",0,0
"82","0x1fbccf3f84e52ff6a5550e82f95c89f8a548e59e",0,0
"83","0x200f28a82317d84cd2932e4b6e7a9aa0376053d6",1010,55.55
"84","0x2021abf05ca0890e47e0376eb054622a74bbc931",1139,86.8487499999999
"85","0x216f4fa90c87ba00d2316fe613517946a049b0e1",8000,1610
"86","0x21bc6046109735a2caff1a58fd756dd96c2fc6ce",1652,654.748749999999
"87","0x22ba795aa1223f0c8fae2932f16f4b1f8b573163",8001,4545.56124999995
"88","0x22cf0ba59ab35e78d53ef7470adb08526f826d24",6553,2610.44249999998
"89","0x23fa9d92de584d5e176c7c9d992147a1ed626296",2695,3.36875
"90","0x2408d3e0ccdf6b5fd9e85d2975c89fdd6d6ae24f",2500,1534.375
"91","0x24685e4ec04724ed30209d5291aaf2330f5632e3",1195,301.7375
"92","0x24b2ec5a9895b242b52736bdedbcb5af5eaf0e14",547,0
"93","0x24f3e8c9ec86851151a50efee1650b48425aa51b",1553.1,613.428999999999
"94","0x2516b0ace669024178c47fe07dc288def36512cd",0,0
"95","0x27041f15c17ce73933d4e83d66cd0da4a803d826",5025,1066.97375
"96","0x271f8d801aca033be4697e556efd23bee82c0f9e",891,0
"97","0x281ecee6b2880e4c15813925c6e8018c0d962e03",999,0
"98","0x2820766519271fa0b056c060229dbc1e003c11a4",14000,5687.5
"99","0x2983a89a9905fe8fbd38616a1114e5fe7e833537",5000,2418.75
"100","0x2adbc63f1a72d33b8050521eca1b57d335bd9dbc",1190,25.2875
"101","0x2af42b754f0555a212752c6835caea25497d9fa0",2500,203.125
"102","0x2b4abb161d69c0bd3c54b48ad8a5403b52480a44",625.5,0
"103","0x2c7996f170cdeeae270f13d58e3e0d0ae1b9f388",863,0
"104","0x2dd4c1a081f3ce58217bf12edd297361b17b9c97",10774,6460.29750000002
"105","0x2e3bc8f3f3777481ac646d7e25ad06abf0abf873",5000,1835
"106","0x2e4e97b2306eba1464161c77302cd8f305f3a1fe",5095,604.815000000001
"107","0x2e86c1e969f3c121ed865cf4d7879744c9c353df",5253,439.938750000001
"108","0x2f6a4e02b596e16634d668a1dab3e52403e33524",1500,579.375
"109","0x30beedc1e4e3ffd24bda554b3857dada7e511d5c",0,0
"110","0x319e5933604797f8e6ee25b50aafe9111f6eb84a",701,0
"111","0x33b85a77025cd4ba00b4b8ad937f4c222496671b",1216.85800119,407.345491413111
"112","0x34299b301c764f19595c2f7ecc628ce8e64b8a43",1088,61.2
"113","0x34abfb2d3cc728de56146d38311f07b123eb9be4",3133.6,1122.572
"114","0x34e48262152dbedf0e72aeab97456e2f79938383",762,0
"115","0x3559f5a8682a89a6ef3a19cee9cd34bdd3660be5",625,0
"116","0x35ae572dadcbbee94ebff9115bec9c0bd24513fc",21038,12609.9650000001
"117","0x35d6b78c00fb3af621d847b815f4b46fd5ef51ca",1039,393.521249999999
"118","0x36d00dd95955298e930feacb105dab57990b8b86",3486.04,1564.36044999999
"119","0x370923a903d095f705472646699c59ef6f404e43",3400,1617.5
"120","0x383d8772263d9313df9d80c0b7373e2e45a65a50",1097.8,210.22875
"121","0x38465835ef497aa71cdda1c61a32739129338aa1",1451,255.41375
"122","0x39da80a7ca05bd1553b02c622539fec6c480905c",1715.5,335.57875
"123","0x3a3862f3007c805c5af9b6f5db7c1aec9411ac9f",2121,983.613750000001
"124","0x3aeedcd329e91e352d6c3d42c2b90d4e33a9e7d5",2000,565
"125","0x3b0f1ae0b47f1495fbaccb6a006f53febd280bed",800,0
"126","0x3b265369ec07ab42ffbed7774339dd52e1a85466",2000,1245
"127","0x3b6299f37916d48f646e29bfb4ed80dd4f4e8bb9",1300,248.625
"128","0x3b97872f6a7068e61dc2e58b94c2118f766905ef",1060,56.975
"129","0x3c2638dd1f80de379287dc171c27f2b5e56fc533",12719,2766.3825
"130","0x3c5dcd3f7c65472510147e115230920b78a77ffd",1500,548.125
"131","0x3d1516b9b32185f8327e6e2a1681be9b6334d18a",648,0
"132","0x3e165e9c790d0a8b568caedbcfae671b67732dfb",1094,276.235000000001
"133","0x3e482d18eed64e620cca80f41ad567a4925fff1c",735,0
"134","0x3e5a25490c18bc3ecb45097fba663c0dd9d5a9fc",3000,1871.25
"135","0x3e95e93ace1d56792d3ed326b3f20d32f050fd9f",1280,729.750000000005
"136","0x3eb80b10923f8cc6e519ffa337439c64808e9756",1660,433.674999999998
"137","0x411a567745ff295427cb744ae9b43dac7dfe0b27",12000,5489.37000000003
"138","0x41a4b3a933f8eb67a5a41b2071a87ee8056edb03",1800,1116
"139","0x4215611b5a3c6bdcad4b1eb85e002f90d4e4d221",4300,5.375
"140","0x4252eaad4ab33912f958f2593269c6abdd35913b",1300,98
"141","0x429a4565ba7bf13c45167cff4f1fce90d6e60226",1000,426.25
"142","0x4369e69faa062df342f3fac3ce15d145624e06ec",10000,5012.5
"143","0x43a9f264b04d0ad986515cac8141e17ac94223b0",0,0
"144","0x43f4bf1a87f0e238416832b5e3801d23c934f361",11528.913984,1841.096249925
"145","0x4601bf99cde8dacad4d6e50b77f12186ff544590",15000,7256.25
"146","0x4609dfe06eed72987ea66e6121119454e3f85daf",2200,46.75
"147","0x466da46d90fe2aeb9ef3bb4fee8803032b777a80",10000,5012.5
"148","0x466f92bb211d12794b5b0c78438864079e2cbfd5",43050,24753.75
"149","0x4679c6a025c3385e6b842dfa7a3d2831fa3b1ac5",1090.2,121.53675
"150","0x470d235ca1caff614abee02d98ac3aa89a6758bd",617,0
"151","0x475107454a3cdb8627a4072dd33066b4aa9644a3",561,0
"152","0x4758956bbf6ff6d362b1f0612403c7a045ca3998",2000,667.5
"153","0x47bbe214a4bc6bb2b2896eb280422af0c4198313",4115,1056.36
"154","0x4809be021730731a278a8cff86bad314535befdd",1000,490
"155","0x48c51e68bd96d8356c4819e51f6714d33d4ac576",4860,1094.17625
"156","0x49bb21634629470b87aa6d4a2d9da7085ffe801b",7500,4078.125
"157","0x49d443d89da0712b1d608eeaedef2650ab8b2206",20000,2925
"158","0x49e78b4321002e03ddc82445b7fbf35cb754f53b",3300,185.625
"159","0x4a52afa15986f9a6d477a72d67f2cf3bc93d0435",1761.34,340.4580125
"160","0x4a859f533554133a20a9d6d28287c88bdd7c080a",5425,3243.38
"161","0x4a9a3a0861a575607da522c31e70bad7074e2fb9",6274,1192.06
"162","0x4af727edb87f64b9d9797ea6db63a4d1af95567e",5725,1301.98375
"163","0x4c382faa935fd4ea598a6543c2e2a8cd2fcc2d15",1009,224.0125
"164","0x4d3dba4cb2336ca5c2c4dbb87531374c65005e8b",775,0
"165","0x4d488bd28b9afad41faa716421adfcc3b185c7f8",7189,602.07875
"166","0x4e9990e0c013f03c3ce0c0a93a97eef906dd8e44",900,0
"167","0x4f6d3a4e5523114d809fe58cafcb2305dc6c6f24",13739.04,4957.85909999999
"168","0x4f6d4691b0a586aa00bc5436e5d2373a0f238c9f",2980,860.475000000003
"169","0x50c998fc72261b0ea80cdce1eff9bc140485362a",1107,246.3075
"170","0x522810ed5c47b799f382ad54afee62cd3b221fde",1475,103.25
"171","0x5235e56f7241b05a648ada59006a9ab8cb402ab0",853.6,0
"172","0x53ffb1e7d0a4367227c7a5b7f4e25c68db8aaa31",0,0
"173","0x545c1fe027881d63ee2fa5de16ffd4af93b272cc",11362,6766.05124999993
"174","0x5496c8a338419aff9a68a86d9a3585c62b9c9e1c",6273,3059.18249999998
"175","0x54e44610812aec38ab87e8db68ec7829e04b3aab",1540,284.900000000001
"176","0x5532042c3cca388f686fcce901474d67ae18d472",5000,412.5
"177","0x55361272a635443387bbde798cfbea591933bc46",1169,64.67125
"178","0x55fbd7fa2c0a9f04a3fe82c7c056c69cffc98ec8",15000,881.25
"179","0x56288706345165023e8b55e3f9cec875e84c7dba",5000,2062.5
"180","0x5684013f99e978441dbaea718de6f56431cd413b",1450,10.875
"181","0x5777a8ec25fa9df67185668ba0f07789d7c31002",588,0
"182","0x57bdfbfc78352d59dfed4c2e3f63e0a2e7ae7bd3",900,0
"183","0x58d7f935745bc80f84b19a56f3f0fca22200a365",1020.94,56.1517
"184","0x591326490ad6dadb80116b04ddd521e57ba22e2c",5500.78,1061.303725
"185","0x5a30a3247737c7983decaa037782d9d0b223bc19",1000,173.75
"186","0x5a323e5865a12a933c288b1fd59dfe40bef2d97f",4702,571.195
"187","0x5a3b83ea4ce1976d24a46d4debdab4c9913124a8",3785,894.1225
"188","0x5a4935bdab9b1177d812a38b27973ffc9558bcc0",24329,6411.03750000002
"189","0x5a4ba9848bfa23f28eb8d4497b5ff211f5f27c3f",0,0
"190","0x5ab78616fcd44344cf0015647ddb31a069062910",2100,131.28125
"191","0x5ace659120f81a49845b6c608ca915b810a00c07",44120,7274.375
"192","0x5b01ac13b78fab35ebc606006de09ca3fc29c857",618,0
"193","0x5bd127d2ffc33ef3f4550596de8b9c3c8eb48cc5",1120,22.4
"194","0x5da53876a2b37b49ee42c34522c9fced42047658",14847,4842.2475
"195","0x5eac16c511e697f963a16109ca78f912c91b54ff",3870,1861.96250000001
"196","0x5eb1b8fcd1710b77f17df2a46dff9bf983a7b43c",3710,1360.86250000001
"197","0x5f304f1fe768c9285bab874c81da513e5bbf09a9",750,0
"198","0x5f3582b06b6697fd64e791ab7ace882fe66bc835",584.7,0
"199","0x5f90ebc41c07089502a32d683480ea3fe2410d34",18607,11107.705
"200","0x5fbde61a48800c7a739b2356971d0d63689362b5",597,0
"201","0x60833214571d47b966522f31eded711d82773845",844.5,0
"202","0x613f0b91a8e9ebcb8ddd527136bc21caad2c4981",734.67,0
"203","0x6172eea0b05cd39414968d204f4d6d44984b67d0",6755,3909.30625
"204","0x629cbcaaae418da37f4ed34f13637f809f75278b",1272.593381,258.7705509875
"205","0x62ea30cfe51b1d1e7f0a8d3244af46b3a91332f1",1000,260
"206","0x633ff2f3b6bc86047c33106d04cc02709767310a",1233.75,272.967187500001
"207","0x63f789c49920221bf484667632e9364d49185934",2555,1036.88375000001
"208","0x64e864c349c41fe31c571fda22ee6ddeab61f99d",1400,246.75
"209","0x65e5a35d4f8959fc35ce06e88cb196a1f9a4e900",3051.780711,310.04090087625
"210","0x668f831f08070133f53323018872f53779c84e41",9987,6166.97250000004
"211","0x66a912d66d4f8d21c43a8488a185adda7586d6e5",886.2,0
"212","0x66f8e605c54bc4dc8de1e8c08103b1f7a0cddeed",30187,5182.37375
"213","0x66fcd58fd7b33d0c929bb85dc1a70a426bc16a06",820,0
"214","0x67cffe5d9883057ac5b453b4d2c2c125fd7da137",20771,3198.8125
"215","0x67eea7a2e81f7228c98ea6ddb3bd4c4849a55554",58565.45552,512.4477358
"216","0x67fa73cb67a4d961c0d14faf45483899192d8ac3",21813.4,10359.32925
"217","0x6804430c7f755b090567cc8a68dad159b85fbe5c",3827,889.6375
"218","0x68d8db3683654dab114e377c42a07a5318202f5c",0,0
"219","0x6904b80d7b5967daf9a55a469e18c55ea75964e8",1193,68.5975
"220","0x6af5f4706c07e9b9743186bcebf1b55a9a31384d",1050,391.125
"221","0x6c14caafd35494fe1a956e621e7cdf1c629250f1",7881.23,2614.627375
"222","0x6c20fe5e057cbb478f3d7565df59d76c89656cd1",1100,83.875
"223","0x6cd5a004948c2f6298da3d733e8e4a4ad88fe9d6",1002,58.8675
"224","0x6d466e9b82deb578a96159a9aa3e03425dfb725f",26493.8,2899.45599999999
"225","0x6dbe1cebf019ac24a1966762097f873d0df25738",21805.028,10944.93340625
"226","0x6e1c5acbabaf0b3c73d4412c17c40d2f1d2e183b",2000,395
"227","0x70d216a60ab81c23c8d0f23a590c84e13ae24d78",1194.25,97.9253749999999
"228","0x7130f38655c04edb772a663b026caa5eaab42598",3000,1695
"229","0x718d6b39dc704f68a6318fe9a8bbe3fe9612cee7",634.02974,0
"230","0x71e487b7a21fb9a34f7d983f71301c7f68322cb1",1018,196.26625
"231","0x71fbe58b64f14854cf5a3645a67a72d10a09cae4",682,0
"232","0x724d4d1554aac30f9601bda87029a7de53804a25",2071,56.9525
"233","0x725079825ccac7d9150c3f005edc868d22ddfcca",5300,1636.375
"234","0x72788244f8b77408e123e145ef2d7ccb2528a007",1348,229.495
"235","0x72820345443b13b94899083ac6fef16ebd205c69",1645,515.498750000001
"236","0x73f31dc16df9bcd98b017b5a080d8d6b4eeda199",1045,365.125000000001
"237","0x7451d851a6da1b0633391f83e46a7406d5bb2a84",6311.6,1702.925475
"238","0x7490a38095d5424c101217b08b51edaaba950f82",9587,5255.60249999999
"239","0x74f55b8e1c86fc0519dc425977f6d457f5259ed2",620,0
"240","0x751d833e461a1a4d7c3431d512ac4245df7f0a03",4000,2479.90625
"241","0x75203bc03125befff8aed3b9fd687d8818a8b2e1",1640,6.15
"242","0x76018d681f2aa6e4702ca91209995277f3649a3e",3396,1396.60499999999
"243","0x76df81c2076016333477458d408aea4c526db828",1400,754.75
"244","0x77634ebd77c039fcb17f6320006d6a2729c4fb78",3110.4,598.592225
"245","0x77de6d98efd6f191b9760398def5ac2a2f4a6fa8",13900,729.75
"246","0x78dda0b5bc5e270769bd43a3aa57f90276728edb",2460.57,759.3275
"247","0x7907f40bb408ef847c2e099498d091c5e935bdc4",2607,117.315
"248","0x797bc1dafaeefea7055849cd7e3e2e6a045066cf",14034,7999.33375000002
"249","0x79892c59ed0325ee9c32b28633ff5410d1b37f8e",700,0
"250","0x7a75f008c92d94761ff156ef54d99133f3054be4",32623,14807.12375
"251","0x7a892e2877fec2fc996560d496fee79707a685af",2080,938.111250000008
"252","0x7ac2cc45c1968a48c93332f0e70466e1d5383e72",575.1,0
"253","0x7ace5f5faccab258b307eb8e9f4ac966a8b95514",596.5,0
"254","0x7ae9f90712be09f9cb5d760c31ddcafeb764c84b",800,0
"255","0x7b2c08606c9bbcbc2d5acee70deca0058051e9e1",5710,1033.3025
"256","0x7bf7cee586fb1a53a20d1e52681fb322f3a7ebdf",5000,925
"257","0x7c38d5055949c46e9a411c49e9142a1337462d69",759.45,0
"258","0x7c74305b99edada4fa9ad9ccbad2b0101bf97b36",1578,512.205
"259","0x7d356cf32f2ec43b5de67d7af55395278b10ca30",2226,19.44
"260","0x7d619b82c7f3a4d97410e73a93b4f0462c33fc9b",1221.94,322.4725375
"261","0x7dd400917b8e737518af9a14eb1a415b1d2b98c4",1001,546.796250000006
"262","0x7e4539fee52bf80790e503b4f8e1fa2802713480",3750,1420.63
"263","0x7f3b192ab3220940d66236792f3ebdb0e4e74138",9000,1640
"264","0x7f429af3849baa20cce12e24e3fd8543294959ca",1297.118266,213.72667806
"265","0x80cf520e4399439935e69085f577a229b8be75db",2212,68.555
"266","0x81e538bf790363fb140dea82c5d8590c649f2b90",547.5,0
"267","0x8262f26cad7855061a9be91f8a7e1896225fd066",0,0
"268","0x836f231db96a2c60071f1023cf0327b6ec53a937",5000,1750
"269","0x83822f68269e618ddb98d13c5b382332884dbbe8",10730,2660.94125000001
"270","0x841e375bb9af687c2b143719490847bc36212c28",750,0
"271","0x85182ed011ce2c9e52f61fe3c577053b5a2f0a14",4850,3007
"272","0x8580576a6c112362de9ed79e660c164f0aef942c",1048,150.65
"273","0x868d941eddec8f229850da0053e1c537d273bcc6",750,0
"274","0x8797e6ad07d103183d1aa0225cb1832c4a880a10",584.9,0
"275","0x87ed7dbf1826b83203f8652339d61491640d0315",957.3,0
"276","0x88858e536e37a703e25098ff242ec5a1e1313d2c",1385.16,345.780800000001
"277","0x88a569630ca6f091769dd3778e2be27e99e937b6",0,0
"278","0x88bb3a2341f31eef30ae1a904f2a7acb521134d9",2380,160.65
"279","0x890517c08ddfbdbcd8632df230d92978641d2a93",1510,855.037500000006
"280","0x897c3f4be2a39b63267cfa23a1158fb5331cdd12",8936,2092.4675
"281","0x89a749cff76b6c8c50f8261c42ee9d1869814800",593.9,0
"282","0x89de9a1081039202f25e7a1cfd5544c715e76609",5195,623.31875
"283","0x8a034bd5bc7413164f9c01b7620fb4810541a2e9",1500,270
"284","0x8a1361fed1340d2187145cd0097d8575ff81e15c",553.7,0
"285","0x8a1ea5e919806924042b7e3140faf87ef2024853",15185,1284.11125000001
"286","0x8a66dd55a077c3590387a1e226adc452564cba21",5000,318.75
"287","0x8a84a626a892884cc35731cfa4c3e45633d3e89f",741,0
"288","0x8b312e24718acf73e7036cfedd20c54d61675f11",30259,7716.04499999996
"289","0x8b343a73874f71e70d380285888b5b0a76428241",0,0
"290","0x8bb820c251ac194ca770f9f0cdc12b76354e3de6",6930,3810.09999999998
"291","0x8bd83e0f2defbcdfa1c684748e858d323ff857db",1000,53.75
"292","0x8ce4336d9ac2adb97d055d026c202adec567187a",571.7,0
"293","0x8d5bd2aba04a07bfa0cc976c73ed45b23cc6d6a2",800,0
"294","0x8dc080063583c4286b405fc1df4ba079826af03c",5830,830.775000000002
"295","0x8e43029e8865bdf09953a57856096b6964c268b4",658.45,0
"296","0x8e50e4f1607b2f2964123757287442ef179470f9",2107,924.587500000001
"297","0x8f18af0eccbdcaf74e0a6a51926e3827bc261ec1",5175.9,2859.7245
"298","0x8f2ed6e59a27a96277b233eea9a0f0f460ccae31",37646.52,10646.888325
"299","0x92df2a5104fce10d77496710488382eb53def917",750,0
"300","0x92e30f365362fd3ef52d0ecac93b682d16aa40b0",4000,438.76
"301","0x93a0c1f20921104c45a1b2694dec4755638fb971",898,0
"302","0x943982e18d005264cb9295d6dbe52c5196507a77",1300,26
"303","0x948104e6c65cbdcf599ffc6cd49181bafd8a446e",20003,9288.55749999997
"304","0x95e805f66ba5c995d6f989a10ba50f8adfd34715",900,0
"305","0x95ef80e697618ca49e0b9967103b5f3efdb0144a",1644,394.560000000001
"306","0x965bedabfe79e18f07394f10b631d923c5b7e52b",6000,45
"307","0x96cc80292fa3a7045611eb84ae09df8bd15936d2",4498.283054,2045.79335664
"308","0x98d142a1039ff6384bbc07c6231708e14b24a96d",21282.2,6771.68924999997
"309","0x9992fc085d5b5fe8c62438d81ffa7903ed8343ad",165193.8,96052.9737500008
"310","0x99c32dc02e789786c7c34ee744b5dd8f4d07f93f",820,0
"311","0x99cb05b409d0637167c2c6d5cdb3fef15233bc78",2198,1338.03249999998
"312","0x99e4e8325aff20d3a1322338960a58b790373265",2380,690.43
"313","0x9a7eec19f94b6f8b06b56012d05528a0dd67af0a",1037,117.95875
"314","0x9b706bf2fc656cd7cec9f85bd5744077730781cd",18589,1258.785
"315","0x9ca467b293e771578b277c22b4c074b1990eccbf",1000,441.25
"316","0x9ddea6c0bfa53bdf244ade7ba5ed7e227f6e58b4",7115,2536.10749999998
"317","0x9e588b4d5b2711fde3c1d7e450da1bca65fb3451",0,0
"318","0x9e880ed6edf54342ff70622e00c6a8b4e5fa2c68",67689,18680.805625
"319","0x9ff70d87f4b302f522726cc5cb6a71bf3129bb0d",7750,1462.8125
"320","0xa07def8a7ccbe1ba41fbf44022f10834d41b5e94",2000,67.5
"321","0xa13a8b8039b6e8e26b1763b0e7e9ec992a73b996",4284,564.225000000002
"322","0xa27a729443ad105cabbc5d2d7f877a5340aa3e69",3715,1652.40249999999
"323","0xa2d30f8da3da69ab08d8ac7553c6575701747aa8",1314,805.362500000006
"324","0xa2e4c7432975cb64be3a4b91b6128ee4a3c32b33",20638,7042.71749999997
"325","0xa36dd9897d3464961d1a7ec39b9fe91b6ade3204",3700,777.75
"326","0xa38945bfe64309898d89862e7b4c0c76bbf5f5b8",19999,11574.4212500001
"327","0xa40be7e451295125cafcaa55e7499f62fae1462f",5000,1031.25
"328","0xa5838a1834dec705e4fe50b5be1566f8838a379f",1149,163.7325
"329","0xa611cf66ec350bb62db8bbad923d310b9e6f461d",703,0
"330","0xa686d6e14c7dc2959ab87f9711666d6ead75833d",9107.5,1177.007375
"331","0xa74fa1e57d040547cf527b7158159757792f2aaf",1505,297.2375
"332","0xa8ac0f1567a6c1d7fe6ce023bf70f383287a3eb1",8631,2825.945
"333","0xa8ac9c0403d8a31cfc1bf43e09231c0ffaf52dd7",2000,597.5025
"334","0xa8d8c3f31e51d4fb385b920294d8377c898085a5",1000,193.75
"335","0xa8daf1ea6c4d9d5ee8c8085d66d8e02f1ce6670e",640.5,0
"336","0xa97e5e5016a491a2814cfd179cb3bf0a0665b953",6440,540.635000000001
"337","0xa9da3474eafab14ac6c9f6111acb2d2e5e071370",3917,1370.775
"338","0xa9f291779a4dd91746e02ff1bb59fe4513ae78d9",4000,565
"339","0xaa90f1a29a8b15a89d9d58b5d4bb50a54a24be5e",1800,272.25
"340","0xaab74d9a2fa5aa3d021b870dd6e8c1e467346ed6",6212.2,77.2275
"341","0xaad84f6d1fb75a920360cba8283e1a08adfb4eea",7818.66,425.663425
"342","0xab0211d3c1ee22c9e0c727964318b366517b4658",1639,482.6525
"343","0xab2ff7df39c1a68ddc15f9ea9072320a6075f9d6",10896,1739.53875
"344","0xab5f6b2b24b5e7b8ee5218d534f0ff8cffd88d5c",5100,2958
"345","0xab834cb3947136e9da829a2b0316256e61cfeed8",20109.8,8928.73474999995
"346","0xaba3c77cc1294f7771fbd97e8f8f84ebd5022b90",2885,910.83125
"347","0xac783aea23528862e2e4e7c9f8bbc65bfafe33b3",26000,7045.625
"348","0xac9b6a0160ddaa479d51579ab3d3c3e73be952a1",666.90870757,0
"349","0xad012778fb4351ab7c210c35584e2c3e83c7b949",1424.194029,606.970059647501
"350","0xad80281397908770ee8faa9002927e8023d18d5d",2000,817.5
"351","0xada69b5e0e3e7af0daba49aa1265d468b9914886",2974,722.644999999999
"352","0xadd982f2201002b047fb5a5408c1f89973441e08",1622,296.015
"353","0xaeb07237c6826cbab9ad225bb1428f0d51a214f1",590,0
"354","0xaeee89b723ea9608c84cdadfb11df5abcab577f6",1477,451.58125
"355","0xaf6d00ef00f4ca01c964791246d797f7afad4c3c",5402,3244.46750000001
"356","0xaf7fa42a71035916e490ceed51c1a73a6f4a595b",1743,698.242500000005
"357","0xafab5d0a64534d40d14fb74222eb2b5b3c3761fb",19987,12341.9725
"358","0xb0912bdaac274afcfe41493241f9493cb10fe704",845.5,0
"359","0xb1665d27e35c8f35954ee25a0b3e2e951e1470d7",2496.32,368.369775
"360","0xb1c58d3c99fe34bcaa84e1ceee6877079e0e2f77",10000,5012.5
"361","0xb2c9aa0dab5797ec17eb99c7006b8db224e916ba",12300,6519.85875
"362","0xb460336e8850ba79c56cfa6e47de2fcd3d2d3d63",5800,3496.375
"363","0xb500bccd894bb0beb99ce334a00c2cb06bdfd0ff",825,0
"364","0xb52937c750792574d4ca6d8bc7f5951bd6800541",1332.4,36.469875
"365","0xb55fb67e169b7013eeef5ab1b7e774adb8524fc4",2000,162.5
"366","0xb5a1447f788016cb4b1f9adb9d57970d0ec4fdef",4000,435
"367","0xb6043f8e035d9281950183278a57ba637787ac65",1000,66.25
"368","0xb6258444425c1aa5d5d4a1fef5a04f00a00a945b",3143.797941,1740.67846369624
"369","0xb6825b1d069824678db46477d2a35d4b6445a66b",29900,12146.875
"370","0xb6b6151437657a5870c6fddd7d0377d1e1d5d5fc",10000,5012.5
"371","0xb70bf4a058fd381127c88f37c01357b7ec4bf01d",645.1,0
"372","0xb75e5a1bd0b8ee7ae4bbcf5551eec80ae52a4bd7",22000.036,10924.1177649999
"373","0xb8167d9a4e7a4eaf4fdcdfa60f3d78f15afcc98a",2557.009675,991.395000156252
"374","0xb99dfdaeac6bc36c65d15c6184b3ccd3751a0d83",640,0
"375","0xba396fe7625d5d950cb804d13a509517c59e96b4",699.5,0
"376","0xba4cc2ab882746bf058e148e53e860d7e0756220",760.097951,0
"377","0xba523caad6579b4eed49e70049b53e8928e79d52",1042,356.949999999999
"378","0xbaa0b77700482d2c0c19f804e563c0b62c9934d3",10000,2612.5
"379","0xbaba1e729e5d97c56d6855ca4b5d28ec28e575f0",625,0
"380","0xbb8421f2e9dc8b503711f70e051e19ea4b30f5cb",1100,499.125
"381","0xbbc2ebfa216482e89d13d702ae47b34a158efbca",5147,798.854999999999
"382","0xbc064e4c9317619530860e867bdf7ec5047a7445",679,0
"383","0xbf8681e938b57ff8588af53ab5488152dfb343da",1333.8,335.069625
"384","0xbfdc403a22a073b36489aa0255784442ee8ba450",2137.4,630.975249999996
"385","0xc05bbd98d28b579c1972159a294a9f5ed8489532",959.1,0
"386","0xc0896971d8650121422e456b29fdfd4cbbf620f5",1150,94.875
"387","0xc0f95bb8213352f29f059bc1f64d280512e14d4b",815,0
"388","0xc1a95655ad8d40e8cdf4f9f29c3a6946932f4294",2401,1075.46875000001
"389","0xc1b3929def06ee1409c06e8a445ebb74d714ea3f",3000,427.5
"390","0xc2c01adac5768ec5123c74dc05b9b11291b69b31",748,0
"391","0xc2e3f813297e7b42a89e0b2faa66f2034831984f",2500,1556.25
"392","0xc386c390a1ed0e8ecdde37cc4a7e7578cdce4246",19238,3917.4975
"393","0xc45971ace96191778eb25b17c6d77269a162086d",1328.5,293.06525
"394","0xc4708a97009d5eabd3b06570c0de11061214c80f",50000,31187.5
"395","0xc48e2d4597d383e0260f4d83bcee6ecc66b92521",870,0
"396","0xc4cf3cd0f841c6f5affa1b642166d157abd3d5d6",12000,6840
"397","0xc563c3296328e51cc7aed38c77cfe6272b3b757f",755.2,0
"398","0xc5c135aeea5b008436288d85f45819c4729c707c",3433,1242.73825
"399","0xc63608662388396d230d191ca5289b945dbbff17",900,0
"400","0xc6b3e413b3f7d2cb67191f806f8dfdb4a9d60ac7",18632.809943,4439.538858205
"401","0xc7e86ff1d8403e5fe1a9b2644f8935d6a328fa16",2542,896.468750000003
"402","0xc80d913346b996ce0215ffb3dd3e9fa257b61dc2",709,0
"403","0xc92eb3f64444377b3d2d103b78d22e28e6b8d88a",4100,1963.375
"404","0xca485c81744c20a8e2fa68ef6a8a12d5900359ed",9820,4750.425
"405","0xca94ad9b5238e080a72a20fccefa72f5fb2f233b",761,0
"406","0xcaafa703b601be454dba81428866b044d34d0052",2500,1546.875
"407","0xcb04d4c4e152742fdef5a168306fae169baa54eb",700,0
"408","0xcc48e211dffe4bd56ce5e73e7f49ee6e54183256",880,0
"409","0xcc880c4cebd17b512567992ed1d34c3d8513d80a",1100.46,114.256675
"410","0xcd0479007866b8352d8f73b65a6addd4ea67866e",144700,14019.875
"411","0xcdfd88470a70a7c6d64d93b04a25cd6fb157b416",4148.78,1432.69196250001
"412","0xce634407a4b451ebe3e0761a8c8e55396b58f710",1463,515.013750000001
"413","0xced81a974eeb380147ba7c3a1726a23de2303d04",6085.5,726.756875000006
"414","0xcf43e9a2f9ed4810de89ae08d88445d8ccf63ab1",1000,283.75
"415","0xcf707a3a51eafc3beae7a97e5b7f19a6c72c3ba7",605,0
"416","0xcfd60220ea5ec8fb46f7adff4cd315a17a369259",6211.9,1468.543625
"417","0xd0daf0685c46f1a2a9e134582a5df53ec1b3ad00",8169.8,1581.536
"418","0xd10a4972d55e8f14e66fd2c736794a5d08f72106",750,0
"419","0xd1ca9cb20bbf8a8ee49d20a79e47bcffaeb24151",3000,1016.25
"420","0xd23a9b7eaf27b521880337b19edcf13cb6b26dff",5000,3118.75
"421","0xd27a0ae0a7516c0c4bbd42d5c59e50941486aad8",597,0
"422","0xd2c0c1146009a1a2021b46c074bed3939dee3d87",5000,337.5
"423","0xd3cd1bce062483536b97c47221c165a9fe3b4716",3445,1738.28
"424","0xd3da6a083ca39b62f4aa07a82434e88b523623cc",2067,420.2975
"425","0xd4001093f8be54248dca00bf5bb7a4ec1f5d61e6",1966,605.1925
"426","0xd4d08b6650f8ae069682c8609dfd6248d412fa18",764,0
"427","0xd4f5685c1a4167420e78f9a406b5e21b5f6a9481",53621,14557.96875
"428","0xd55f3d4e72fd60075c84c5080c581e76431d3b0b",5174.7,3177.825
"429","0xd5ba5cbd603df4d7006aadeb5c3828fe0f21e8fb",1384,574.838749999999
"430","0xd6602d5d1b0e7c022c7b29e6fed1b535d152280b",696,0
"431","0xd6c93dde10d9970319d2dbe4e356b9894171cdb2",10000,5012.5
"432","0xd6ebf9d4972c453b8ff653dcd1b138392ecd1a9c",7739.2,2127.161875
"433","0xd8de315eb7a00f4155d1ea9eb4eb6888ae715631",51724,24551.272375
"434","0xd8e3b302b03d739bb94291aca58f006a072425a7",10088,4477.92
"435","0xd923de646d3f0bb9eb7f9169f259c79c3ede2188",599,0
"436","0xda13157f47929bced94ce06ef8cbef70328981fc",7750,3964.5
"437","0xdade1fab569f2f670b5eb4821d92207e16a70d1b",1089,372.9825
"438","0xdb524edbd32517881cdda248fedbf9aee526b38b",8650.31,2218.5680125
"439","0xdb79172ec7adde6972ff9ebab89eaa61c4b760a3",2862,35.775
"440","0xdb7d775ce48be3c112e9b9b3f367d1c679c56088",8016,4609.20000000002
"441","0xdb98f151471e9571dd95ef7bb6587eaa0b968342",0,0
"442","0xdbfc01194d8b4142e362d582ce18e804f5e2efaa",1010,484.762499999997
"443","0xdd5a81ee4c853db84807c212808c64ae5aa7dd34",3130,1253.825
"444","0xdd5b1bc0d1a5ed27f50c7ecbef3b7b2fb5355ecc",900,0
"445","0xdd68b263f844d6f5151f0071abbaddff8e19cb21",908,0
"446","0xdd6e4cbd424fb4932eea2a31e02115dcf3ec35d4",1467.7,206.9865
"447","0xde10c4a242af497479816b2144c1d78838c7c796",3510,1282.0075
"448","0xdfdd739ce89d01280fcbafd580e428c1d11a7f5e",1100,204.875
"449","0xe01e6c27218765b9e0ef42546a2c0237bb4c54e2",9631.5,3816.49312500005
"450","0xe0715d8d04d15a298a1b4352c8b736938c2d8519",5660,205.175
"451","0xe135ebc3139681911e76916e87ebca330197fa0a",10633,824.0575
"452","0xe228f16b1f80cb463cb74ede5df24664c8db3f9e",0,0
"453","0xe2e7bc1496d1332940711bb3d3b02e08948d9aea",567,0
"454","0xe34bb624055b171d777eccbbfc3baaeeffbe432c",2000,337.5
"455","0xe3ce175c493af8de3786e7319c6da0b58c8c0007",554.5,0
"456","0xe442145711bf3c56452f0dcc730f3ad65ce230cc",10434,5323.73750000002
"457","0xe4754782a1ea7233b97f5cdafd7a18ea1a3fd0a3",20500,12564.2125
"458","0xe4ada37a68c57dbb58629902e3556e254d0eedcb",2000,685
"459","0xe4b32f3a9ace9702887ccc14a115b120b3acffbb",2000,1237.5
"460","0xe4c4a97007aa898058cd41c38ac12504068a5d50",9737,5526.51499999999
"461","0xe4de83fdbc4b9352deeab80a1b03a2da99e5a4a4",2308.4,325.404875
"462","0xe519b20ee7f5812818c53cc85f68526b71e29b7d",3010,955.65
"463","0xe5807574137795e93d8b578c02d8caafff1851d5",10000,5012.5
"464","0xe619616c030a859cf4d3bfba3d1e3f5175ffdb9b",9999,6186.88124999999
"465","0xe624a9d814a0899cb956969d285b26762814df1c",20000,2950
"466","0xe62cffa8ff1d16dc8e9cc7d7b58ce5d5225469f8",1126,267.2175
"467","0xe710766944a1aba7b7823d709995280ea959b846",9999,6161.88374999999
"468","0xe75dac4fc0ee5445b0c4932b2ec9a682fb632a68",11460,943.008750000001
"469","0xe76b3e686b85f41939b438923f1b2f08e44e001e",2721.7,1629.980875
"470","0xe7e2d3a9b6bf82efa164441f31dd017b24a21ec0",5610,1746.0875
"471","0xe82eff3fc7a34dbd76c4699008e1e3ab22316736",862,0
"472","0xe86b530038ed13194c8e0e7d29b96a76b59fcccb",758.3,0
"473","0xe8d89b81998dfe3420be7b212fc7d02a78496180",1206.8,87.4929999999999
"474","0xe93a36e0d012f2c35f5b7e1e1b08d9d49d58389a",10000,5012.5
"475","0xe93f1e7446ac08a069d144365ac817ce3fcb75ff",700,0
"476","0xe9cbe0f9cbee09873b4dcf968a82e3ae6b9e7065",33922,19121.7962500001
"477","0xe9e71babbf2dabeb69bc35ca072395897b8988ad",1176,192.899999999999
"478","0xea8ce1c4753784bf4d8d30f86921d29cdc1cae07",0,0
"479","0xeb12bae5a2c08c28f338b9756c37ed11e9674b02",1250,299.0625
"480","0xeb5d37a87740e381527a609fda8ac6a93b47d48b",758,0
"481","0xec640f1dbe4c3e880c69c988ca5398028f770266",5000,3112.5
"482","0xec6d20be57762f28f820af4cce699004da705d2d",689.567,0
"483","0xecdcbc4a9107f250ab91519f05d6b9c5e43429f7",2556,1097.185
"484","0xed2a8fe0fbb692b217ca2e193804c82c3c8b68d6",2177.05,455.398312499999
"485","0xed31408984d00cd5f6a33f2539da2ada0baeca67",853.84,0
"486","0xede25f41e2c28708be61b583cc9cb6771e113fbe",78600,22684.0625
"487","0xee356608d1b6e06343fd4818bf8984cd455fce08",3900,642.09125
"488","0xeeae38df0c389c626212591303b8cc841f0df450",1784,298.58125
"489","0xef5323409964067fec899091685b48458f361d84",1000,608.75
"490","0xef9d67db3d19f7c324473435613f3335f515b2ae",2000,1127.5
"491","0xefb738860ad5261c7aabb0dae33d8d270661394b",1000,258.75
"492","0xf03e063f62fd228cd25c026cfff7f032d7b75aab",8150,1082.055
"493","0xf074e6121652e35c969aa297dbfe4b933ccda2c6",1002,388.274999999999
"494","0xf11c4a899b6a95a78331e48ce8ee690b97484a12",1000,570
"495","0xf17eb1725b7a12d0db78d18b2098bc447eca142f",5500,3389.375
"496","0xf2644e0ebdb15a136333a252108f83927b25bb7d",1100,361.625
"497","0xf2f3c3898f817b549c234430c087200904a1938d",905,0
"498","0xf30c6b9263d562d392ac66ef9ec96d386a6cbcdb",6448.146802,877.574060275
"499","0xf356801f4c1f654ee0d0c106f556f581b873da46",0,0
"500","0xf38067d972d69421df77fd3b8c5a9cfdc97fb17a",749,0
"501","0xf3b99536bc37fd3db240cd4cd7ca84e9c9dae9ba",2500,366.9375
"502","0xf3d6ab48cdb4dcbfa4932d9ea69543c22695a15d",4000,2490
"503","0xf3da69fc4814abd20804672576602a79038fa3f1",1050,517.125
"504","0xf4b5eeb4a8f28d2b5b93842be9e91f6c9fa7dbea",21445,4600.23125
"505","0xf527b4b3ff05b177d658c5de4082574edebc6ae3",900,0
"506","0xf540d44a74ba8775afa098145879f25be6afd9fd",3048,903.555000000004
"507","0xf5c55f8d4ebaf3cb4e04a0b5e564fb6ddb87bdd3",0,0
"508","0xf656d06831b98adb82f78aa7ee06afae826e4644",1000,622.5
"509","0xf691a4b0ee9de61bd57d9acf3421080eb14e089e",75000,13500
"510","0xf77af4f1fdf1b2763df283684123c9f1df983742",610,0
"511","0xf79aa684927b27175477b2d9439a9e4f819e4877",6000,3350.86750000001
"512","0xf79cd44f243484267fc8e783313287b9f9fb606a",1136,78.1000000000001
"513","0xf7c25631a136a3eea815ee49df01385fe0618b89",1290.25,253.6839375
"514","0xf8515e16a3e5df55c788ef5da289d77b4c7858dc",2220,1034.39625
"515","0xf8900cf8ccd5d2a142a74688e57d864804af837a",6600,206.25
"516","0xf8fb1b69aabd14fc11b96f4dc60bf51a35ba0897",14104,4761.5825
"517","0xf949318f64c9f8bd9f85bacad8be481771e71660",551.802123,0
"518","0xfad4a2d4c72733e82124139e41161152771a4d9d",3701,1028.52625
"519","0xfb0cf362990d2e6d75d224f7583b43a4108232d0",1160,446.599999999998
"520","0xfc0feae0323c77dfe9861f45436a986f8999ebfb",6350,693.306250000001
"521","0xfc1342f2a3c1196a49fed0143ce7924b8deab5eb",10031.5,4745.86525
"522","0xfc37a4e2646cfcbf9fe10165cac369a1b886a619",1000,617.5
"523","0xfc3b9e3c1d591e5a45bd2ec15ff28f23bb8716bf",3760,256.15
"524","0xfca5f78959c254bfbf0c045586fb11aa62dd3ea2",700,0
"525","0xfcfbaa547188fc16a7713ad0d7d510278a5e3818",1000,62.5
"526","0xfdb50fab2e42bab850a4d7b44bad2f728cb60679",1481,99.9674999999999
"527","0xfe1c2e09f4157648ddba9b5eba171674241b28a6",4584.19,1202.803
"528","0xfe5563cd4a9528a472584ef49ed66faf4d484856",3534,1084.87125
"529","0xfec33dff5871971eaa32ca34fc3229f8f12c8b13",2000,237.5
"530","0xfeefa4a1658aec18e0c056020391630321ca109d",1000,441.25
"531","0xff0a00233f7a0cf99d551e69e1a432b1715486f2",11045,677.25625
"532","0xff689150ed8bd775b20ad48b7d9124601765caef",20000,1000
